{"cameraMode":{"drawMode":0,"name":"Shaded","section":"Shading Mode"},"sceneLighting":true,"audioPlay":false,"sceneViewState":{"m_AlwaysRefresh":false,"showFog":true,"showSkybox":false,"showFlares":true,"showImageEffects":true,"showParticleSystems":true,"showVisualEffectGraphs":true,"m_FxEnabled":true},"in2DMode":false,"pivot":{"x":-0.1956305205821991,"y":1.3762184381484986,"z":-0.3569275140762329},"rotation":{"x":0.19226209819316865,"y":-0.020606987178325654,"z":0.004051017574965954,"w":0.981172502040863},"size":1.8451751470565797,"orthographic":false}