{"cameraMode":{"drawMode":0,"name":"Shaded","section":"Shading Mode"},"sceneLighting":true,"audioPlay":false,"sceneViewState":{"m_AlwaysRefresh":false,"showFog":true,"showSkybox":false,"showFlares":true,"showImageEffects":true,"showParticleSystems":true,"showVisualEffectGraphs":true,"m_FxEnabled":true},"in2DMode":false,"pivot":{"x":-0.5560004115104675,"y":1.6240870952606202,"z":2.1056201457977297},"rotation":{"x":0.20840302109718324,"y":-0.024938954040408136,"z":0.005324447061866522,"w":0.9777650833129883},"size":3.8635897636413576,"orthographic":false}