{"cameraMode":{"drawMode":0,"name":"Shaded","section":"Shading Mode"},"sceneLighting":false,"audioPlay":false,"sceneViewState":{"m_AlwaysRefresh":false,"showFog":true,"showSkybox":false,"showFlares":true,"showImageEffects":true,"showParticleSystems":true,"showVisualEffectGraphs":true,"m_FxEnabled":true},"in2DMode":false,"pivot":{"x":-0.14319582283496858,"y":0.787723183631897,"z":0.2577155828475952},"rotation":{"x":0.017998864874243737,"y":0.0014997305115684867,"z":-0.000026930589228868484,"w":0.999839186668396},"size":1.2594020366668702,"orthographic":false}