{"cameraMode":{"drawMode":0,"name":"Shaded","section":"Shading Mode"},"sceneLighting":true,"audioPlay":false,"sceneViewState":{"m_AlwaysRefresh":false,"showFog":true,"showSkybox":true,"showFlares":true,"showImageEffects":true,"showParticleSystems":true,"showVisualEffectGraphs":true,"m_FxEnabled":true},"in2DMode":false,"pivot":{"x":-1.6714264154434205,"y":-9.953765869140625,"z":82.16258239746094},"rotation":{"x":-0.1907893270254135,"y":0.021485254168510438,"z":-0.004300882574170828,"w":-0.9814690947532654},"size":22.989421844482423,"orthographic":false}