{"cameraMode":{"drawMode":0,"name":"Shaded","section":"Shading Mode"},"sceneLighting":true,"audioPlay":false,"sceneViewState":{"m_AlwaysRefresh":false,"showFog":true,"showSkybox":true,"showFlares":true,"showImageEffects":true,"showParticleSystems":true,"showVisualEffectGraphs":true,"m_FxEnabled":true},"in2DMode":false,"pivot":{"x":-0.1446007937192917,"y":2.6103832721710207,"z":56.353790283203128},"rotation":{"x":0.2825256586074829,"y":-0.023022210225462915,"z":0.006781543605029583,"w":0.9589971303939819},"size":2.651519298553467,"orthographic":false}