{"cameraMode":{"drawMode":0,"name":"Shaded","section":"Shading Mode"},"sceneLighting":true,"audioPlay":false,"sceneViewState":{"m_AlwaysRefresh":false,"showFog":true,"showSkybox":true,"showFlares":true,"showImageEffects":true,"showParticleSystems":true,"showVisualEffectGraphs":true,"m_FxEnabled":true},"in2DMode":false,"pivot":{"x":-1.00716233253479,"y":-5.807137489318848,"z":43.22331237792969},"rotation":{"x":0.24781161546707154,"y":-0.02614126168191433,"z":0.0067609637044370178,"w":0.9684972763061523},"size":16.481481552124025,"orthographic":false}