{"cameraMode":{"drawMode":0,"name":"Shaded","section":"Shading Mode"},"sceneLighting":true,"audioPlay":false,"sceneViewState":{"m_AlwaysRefresh":false,"showFog":true,"showSkybox":true,"showFlares":true,"showImageEffects":true,"showParticleSystems":true,"showVisualEffectGraphs":true,"m_FxEnabled":true},"in2DMode":false,"pivot":{"x":-0.0571008026599884,"y":-2.0753185749053957,"z":80.01991271972656},"rotation":{"x":0.2825256586074829,"y":-0.023022210225462915,"z":0.006781543605029583,"w":0.9589971303939819},"size":11.239764213562012,"orthographic":false}