{"cameraMode":{"drawMode":0,"name":"Shaded","section":"Shading Mode"},"sceneLighting":true,"audioPlay":false,"sceneViewState":{"m_AlwaysRefresh":false,"showFog":true,"showSkybox":true,"showFlares":true,"showImageEffects":true,"showParticleSystems":true,"showVisualEffectGraphs":true,"m_FxEnabled":true},"in2DMode":false,"pivot":{"x":0.7127139568328857,"y":1.2792226076126099,"z":0.8677549958229065},"rotation":{"x":-0.22807452082633973,"y":0.08544383198022843,"z":-0.020225780084729196,"w":-0.9697604179382324},"size":2.323517084121704,"orthographic":false}