{"cameraMode":{"drawMode":0,"name":"Shaded","section":"Shading Mode"},"sceneLighting":true,"audioPlay":false,"sceneViewState":{"m_AlwaysRefresh":false,"showFog":true,"showSkybox":true,"showFlares":true,"showImageEffects":true,"showParticleSystems":true,"showVisualEffectGraphs":true,"m_FxEnabled":true},"in2DMode":false,"pivot":{"x":-1.7906213998794556,"y":-1.5092816352844239,"z":8.351404190063477},"rotation":{"x":0.28721901774406435,"y":0.084630586206913,"z":-0.025485478341579438,"w":0.9537808895111084},"size":14.237627029418946,"orthographic":false}