{"cameraMode":{"drawMode":0,"name":"Shaded","section":"Shading Mode"},"sceneLighting":true,"audioPlay":false,"sceneViewState":{"m_AlwaysRefresh":false,"showFog":true,"showSkybox":true,"showFlares":true,"showImageEffects":true,"showParticleSystems":true,"showVisualEffectGraphs":true,"m_FxEnabled":true},"in2DMode":false,"pivot":{"x":-0.08997081220149994,"y":-73.1505126953125,"z":181.8912353515625},"rotation":{"x":-0.2084801197052002,"y":0.0008453424088656902,"z":-0.00041251149377785623,"w":-0.9781281352043152},"size":113.47542572021485,"orthographic":false}