{"cameraMode":{"drawMode":0,"name":"Shaded","section":"Shading Mode"},"sceneLighting":true,"audioPlay":false,"sceneViewState":{"m_AlwaysRefresh":false,"showFog":true,"showSkybox":true,"showFlares":true,"showImageEffects":true,"showParticleSystems":true,"showVisualEffectGraphs":true,"m_FxEnabled":true},"in2DMode":false,"pivot":{"x":-1.012846827507019,"y":-4.5803375244140629,"z":85.23188018798828},"rotation":{"x":0.2825256586074829,"y":-0.023022210225462915,"z":0.006781543605029583,"w":0.9589971303939819},"size":9.574482917785645,"orthographic":false}