{"cameraMode":{"drawMode":0,"name":"Shaded","section":"Shading Mode"},"sceneLighting":true,"audioPlay":false,"sceneViewState":{"m_AlwaysRefresh":false,"showFog":true,"showSkybox":true,"showFlares":true,"showImageEffects":true,"showParticleSystems":true,"showVisualEffectGraphs":true,"m_FxEnabled":true},"in2DMode":false,"pivot":{"x":0.2806599736213684,"y":-1.1417313814163209,"z":2.242119073867798},"rotation":{"x":-0.017824402078986169,"y":-0.8970943689346314,"z":0.4400147497653961,"w":-0.03634702041745186},"size":3.553236961364746,"orthographic":false}