{"cameraMode":{"drawMode":0,"name":"Shaded","section":"Shading Mode"},"sceneLighting":true,"audioPlay":false,"sceneViewState":{"m_AlwaysRefresh":false,"showFog":true,"showSkybox":true,"showFlares":true,"showImageEffects":true,"showParticleSystems":true,"showVisualEffectGraphs":true,"m_FxEnabled":true},"in2DMode":false,"pivot":{"x":0.21891433000564576,"y":2.4212377071380617,"z":-3.5073163509368898},"rotation":{"x":0.2576969265937805,"y":-0.050700537860393527,"z":0.01354636624455452,"w":0.9648216962814331},"size":3.452967405319214,"orthographic":false}