{"cameraMode":{"drawMode":0,"name":"Shaded","section":"Shading Mode"},"sceneLighting":true,"audioPlay":false,"sceneViewState":{"m_AlwaysRefresh":false,"showFog":true,"showSkybox":true,"showFlares":true,"showImageEffects":true,"showParticleSystems":true,"showVisualEffectGraphs":true,"m_FxEnabled":true},"in2DMode":false,"pivot":{"x":0.37943893671035769,"y":5.9904303550720219,"z":9.118826866149903},"rotation":{"x":0.14200928807258607,"y":0.0163410734385252,"z":-0.002263549016788602,"w":0.9897969365119934},"size":2.3477649688720705,"orthographic":false}