{"cameraMode":{"drawMode":0,"name":"Shaded","section":"Shading Mode"},"sceneLighting":true,"audioPlay":false,"sceneViewState":{"m_AlwaysRefresh":false,"showFog":true,"showSkybox":true,"showFlares":true,"showImageEffects":true,"showParticleSystems":true,"showVisualEffectGraphs":true,"m_FxEnabled":true},"in2DMode":false,"pivot":{"x":0.08946533501148224,"y":1.8909707069396973,"z":2.3318419456481935},"rotation":{"x":0.12404771149158478,"y":0.046123139560222629,"z":-0.005768090020865202,"w":0.9912097454071045},"size":6.707691192626953,"orthographic":false}