{"cameraMode":{"drawMode":0,"name":"Shaded","section":"Shading Mode"},"sceneLighting":true,"audioPlay":false,"sceneViewState":{"m_AlwaysRefresh":false,"showFog":true,"showSkybox":true,"showFlares":true,"showImageEffects":true,"showParticleSystems":true,"showVisualEffectGraphs":true,"m_FxEnabled":true},"in2DMode":false,"pivot":{"x":1.4841747283935547,"y":1.8682200908660889,"z":72.73741912841797},"rotation":{"x":0.2825256586074829,"y":-0.023022210225462915,"z":0.006781543605029583,"w":0.9589971303939819},"size":13.662691116333008,"orthographic":false}