{"cameraMode":{"drawMode":0,"name":"Shaded","section":"Shading Mode"},"sceneLighting":true,"audioPlay":false,"sceneViewState":{"m_AlwaysRefresh":false,"showFog":true,"showSkybox":true,"showFlares":true,"showImageEffects":true,"showParticleSystems":true,"showVisualEffectGraphs":true,"m_FxEnabled":true},"in2DMode":false,"pivot":{"x":0.09582584351301193,"y":6.074703693389893,"z":1.6744468212127686},"rotation":{"x":0.1360757201910019,"y":-0.010402756743133068,"z":0.0014419594081118703,"w":0.9906949996948242},"size":0.7875687479972839,"orthographic":false}