{"cameraMode":{"drawMode":0,"name":"Shaded","section":"Shading Mode"},"sceneLighting":true,"audioPlay":false,"sceneViewState":{"m_AlwaysRefresh":false,"showFog":true,"showSkybox":true,"showFlares":true,"showImageEffects":true,"showParticleSystems":true,"showVisualEffectGraphs":true,"m_FxEnabled":true},"in2DMode":false,"pivot":{"x":0.1333891600370407,"y":-0.7633001804351807,"z":2.7346229553222658},"rotation":{"x":0.3254481554031372,"y":0.00992737989872694,"z":-0.003416512394323945,"w":0.9455153346061707},"size":5.159753322601318,"orthographic":false}