{"cameraMode":{"drawMode":0,"name":"Shaded","section":"Shading Mode"},"sceneLighting":true,"audioPlay":false,"sceneViewState":{"m_AlwaysRefresh":false,"showFog":true,"showSkybox":true,"showFlares":true,"showImageEffects":true,"showParticleSystems":true,"showVisualEffectGraphs":true,"m_FxEnabled":true},"in2DMode":false,"pivot":{"x":-4.016016483306885,"y":-50.22096633911133,"z":92.68522644042969},"rotation":{"x":-0.30691948533058169,"y":0.020798170939087869,"z":-0.006907097063958645,"w":-0.9515994787216187},"size":54.05852127075195,"orthographic":false}