{"cameraMode":{"drawMode":0,"name":"Shaded","section":"Shading Mode"},"sceneLighting":true,"audioPlay":false,"sceneViewState":{"m_AlwaysRefresh":false,"showFog":true,"showSkybox":true,"showFlares":true,"showImageEffects":true,"showParticleSystems":true,"showVisualEffectGraphs":true,"m_FxEnabled":true},"in2DMode":false,"pivot":{"x":-0.49992311000823977,"y":-36.878787994384769,"z":46.4652099609375},"rotation":{"x":0.37324345111846926,"y":-0.008349929004907608,"z":0.003364111762493849,"w":0.9277404546737671},"size":32.73887634277344,"orthographic":false}