{"cameraMode":{"drawMode":0,"name":"Shaded","section":"Shading Mode"},"sceneLighting":true,"audioPlay":false,"sceneViewState":{"m_AlwaysRefresh":false,"showFog":true,"showSkybox":true,"showFlares":true,"showImageEffects":true,"showParticleSystems":true,"showVisualEffectGraphs":true,"m_FxEnabled":true},"in2DMode":false,"pivot":{"x":-4.153422832489014,"y":1.6863222122192383,"z":3.4435229301452638},"rotation":{"x":0.30756303668022158,"y":0.21171048283576966,"z":-0.07039358466863632,"w":0.9250033497810364},"size":1.2626579999923707,"orthographic":false}