{"cameraMode":{"drawMode":0,"name":"Shaded","section":"Shading Mode"},"sceneLighting":true,"audioPlay":false,"sceneViewState":{"m_AlwaysRefresh":false,"showFog":true,"showSkybox":true,"showFlares":true,"showImageEffects":true,"showParticleSystems":true,"showVisualEffectGraphs":true,"m_FxEnabled":true},"in2DMode":false,"pivot":{"x":705.1890258789063,"y":1876.0040283203125,"z":-19.684215545654298},"rotation":{"x":0.25711360573768618,"y":0.0825050100684166,"z":-0.022037310525774957,"w":0.9626390933990479},"size":62.4592399597168,"orthographic":false}