{"cameraMode":{"drawMode":0,"name":"Shaded","section":"Shading Mode"},"sceneLighting":true,"audioPlay":false,"sceneViewState":{"m_AlwaysRefresh":false,"showFog":true,"showSkybox":true,"showFlares":true,"showImageEffects":true,"showParticleSystems":true,"showVisualEffectGraphs":true,"m_FxEnabled":true},"in2DMode":false,"pivot":{"x":0.18263834714889527,"y":-0.3144955635070801,"z":7.970033645629883},"rotation":{"x":0.2478814274072647,"y":0.008717718534171582,"z":-0.0022319520357996227,"w":0.9687615633010864},"size":11.305139541625977,"orthographic":false}