{"cameraMode":{"drawMode":0,"name":"Shaded","section":"Shading Mode"},"sceneLighting":false,"audioPlay":false,"sceneViewState":{"m_AlwaysRefresh":false,"showFog":true,"showSkybox":false,"showFlares":true,"showImageEffects":true,"showParticleSystems":true,"showVisualEffectGraphs":true,"m_FxEnabled":true},"in2DMode":false,"pivot":{"x":0.2893233299255371,"y":0.26175814867019656,"z":0.11412918567657471},"rotation":{"x":-0.15682506561279298,"y":0.06424394249916077,"z":-0.010212279856204987,"w":-0.9854894876480103},"size":2.8619344234466554,"orthographic":false}