{"cameraMode":{"drawMode":0,"name":"Shaded","section":"Shading Mode"},"sceneLighting":false,"audioPlay":false,"sceneViewState":{"m_AlwaysRefresh":false,"showFog":true,"showSkybox":false,"showFlares":true,"showImageEffects":true,"showParticleSystems":true,"showVisualEffectGraphs":true,"m_FxEnabled":true},"in2DMode":false,"pivot":{"x":0.015185974538326264,"y":-0.17100957036018372,"z":-0.12709909677505494},"rotation":{"x":-0.3157261610031128,"y":0.021912740543484689,"z":-0.0072936671786010269,"w":-0.9485720992088318},"size":1.561127781867981,"orthographic":false}