{"cameraMode":{"drawMode":0,"name":"Shaded","section":"Shading Mode"},"sceneLighting":false,"audioPlay":false,"sceneViewState":{"m_AlwaysRefresh":false,"showFog":true,"showSkybox":false,"showFlares":true,"showImageEffects":true,"showParticleSystems":true,"showVisualEffectGraphs":true,"m_FxEnabled":true},"in2DMode":false,"pivot":{"x":-0.24751520156860352,"y":0.10484147071838379,"z":0.8986552953720093},"rotation":{"x":0.34746140241622927,"y":-0.44419005513191225,"z":0.19217431545257569,"w":0.8031585216522217},"size":1.7620662450790406,"orthographic":false}