{"cameraMode":{"drawMode":0,"name":"Shaded","section":"Shading Mode"},"sceneLighting":false,"audioPlay":false,"sceneViewState":{"m_AlwaysRefresh":false,"showFog":true,"showSkybox":false,"showFlares":true,"showImageEffects":true,"showParticleSystems":true,"showVisualEffectGraphs":true,"m_FxEnabled":true},"in2DMode":false,"pivot":{"x":-0.11280262470245362,"y":1.412746548652649,"z":-0.29107993841171267},"rotation":{"x":0.029996054247021676,"y":-0.9585237503051758,"z":0.1100490391254425,"w":0.26126694679260256},"size":0.813530683517456,"orthographic":false}