{"cameraMode":{"drawMode":0,"name":"Shaded","section":"Shading Mode"},"sceneLighting":false,"audioPlay":false,"sceneViewState":{"m_AlwaysRefresh":false,"showFog":true,"showSkybox":false,"showFlares":true,"showImageEffects":true,"showParticleSystems":true,"showVisualEffectGraphs":true,"m_FxEnabled":true},"in2DMode":false,"pivot":{"x":-0.9241475462913513,"y":1.0879065990447999,"z":0.6289422512054443},"rotation":{"x":0.09475141018629074,"y":-0.7704391479492188,"z":0.11786838620901108,"w":0.6193479895591736},"size":0.9701504707336426,"orthographic":false}