{"cameraMode":{"drawMode":0,"name":"Shaded","section":"Shading Mode"},"sceneLighting":false,"audioPlay":false,"sceneViewState":{"m_AlwaysRefresh":false,"showFog":true,"showSkybox":false,"showFlares":true,"showImageEffects":true,"showParticleSystems":true,"showVisualEffectGraphs":true,"m_FxEnabled":true},"in2DMode":false,"pivot":{"x":0.19488295912742616,"y":0.49002861976623537,"z":0.46425914764404299},"rotation":{"x":0.30982115864753725,"y":-0.004279861692339182,"z":0.001396559295244515,"w":0.9508087038993836},"size":1.9851590394973755,"orthographic":false}