{"cameraMode":{"drawMode":0,"name":"Shaded","section":"Shading Mode"},"sceneLighting":false,"audioPlay":false,"sceneViewState":{"m_AlwaysRefresh":false,"showFog":true,"showSkybox":false,"showFlares":true,"showImageEffects":true,"showParticleSystems":true,"showVisualEffectGraphs":true,"m_FxEnabled":true},"in2DMode":false,"pivot":{"x":0.3041306734085083,"y":0.9738593101501465,"z":-0.08301432430744171},"rotation":{"x":-0.23124389350414277,"y":0.6654047966003418,"z":-0.22903405129909516,"w":-0.6718289852142334},"size":1.2357133626937867,"orthographic":false}