{"cameraMode":{"drawMode":0,"name":"Shaded","section":"Shading Mode"},"sceneLighting":false,"audioPlay":false,"sceneViewState":{"m_AlwaysRefresh":false,"showFog":true,"showSkybox":false,"showFlares":true,"showImageEffects":true,"showParticleSystems":true,"showVisualEffectGraphs":true,"m_FxEnabled":true},"in2DMode":false,"pivot":{"x":-2.131812572479248,"y":-0.7641602754592896,"z":2.0446243286132814},"rotation":{"x":0.39312952756881716,"y":0.01654931716620922,"z":-0.007077101618051529,"w":0.9193071722984314},"size":3.6471405029296877,"orthographic":false}