{"cameraMode":{"drawMode":0,"name":"Shaded","section":"Shading Mode"},"sceneLighting":false,"audioPlay":false,"sceneViewState":{"m_AlwaysRefresh":false,"showFog":true,"showSkybox":false,"showFlares":true,"showImageEffects":true,"showParticleSystems":true,"showVisualEffectGraphs":true,"m_FxEnabled":true},"in2DMode":false,"pivot":{"x":-1.9612154960632325,"y":0.5369628667831421,"z":2.782501220703125},"rotation":{"x":0.03209453076124191,"y":-0.01049440074712038,"z":0.00033700509811751544,"w":0.9994301199913025},"size":3.8315110206604006,"orthographic":false}