{"cameraMode":{"drawMode":0,"name":"Shaded","section":"Shading Mode"},"sceneLighting":false,"audioPlay":false,"sceneViewState":{"m_AlwaysRefresh":false,"showFog":true,"showSkybox":false,"showFlares":true,"showImageEffects":true,"showParticleSystems":true,"showVisualEffectGraphs":true,"m_FxEnabled":true},"in2DMode":false,"pivot":{"x":0.7512524127960205,"y":-2.2700910568237306,"z":-2.6572227478027345},"rotation":{"x":0.011750150471925736,"y":0.9647563695907593,"z":-0.2592301368713379,"w":0.0437295027077198},"size":3.237609624862671,"orthographic":false}