{"cameraMode":{"drawMode":0,"name":"Shaded","section":"Shading Mode"},"sceneLighting":true,"audioPlay":false,"sceneViewState":{"m_AlwaysRefresh":false,"showFog":true,"showSkybox":false,"showFlares":true,"showImageEffects":true,"showParticleSystems":true,"showVisualEffectGraphs":true,"m_FxEnabled":true},"in2DMode":false,"pivot":{"x":0.007967859506607056,"y":-0.6615000367164612,"z":-0.4374229907989502},"rotation":{"x":0.12848447263240815,"y":0.050561074167490008,"z":-0.006513332482427359,"w":0.9904545545578003},"size":6.558229446411133,"orthographic":false}