{"cameraMode":{"drawMode":0,"name":"Shaded","section":"Shading Mode"},"sceneLighting":true,"audioPlay":false,"sceneViewState":{"m_AlwaysRefresh":false,"showFog":true,"showSkybox":false,"showFlares":true,"showImageEffects":true,"showParticleSystems":true,"showVisualEffectGraphs":true,"m_FxEnabled":true},"in2DMode":false,"pivot":{"x":-0.4993096590042114,"y":-0.9205756187438965,"z":-1.1019816398620606},"rotation":{"x":0.176073357462883,"y":-0.011807347647845745,"z":0.0021539467852562668,"w":0.9843584895133972},"size":6.723599910736084,"orthographic":false}