{"cameraMode":{"drawMode":0,"name":"Shaded","section":"Shading Mode"},"sceneLighting":true,"audioPlay":false,"sceneViewState":{"m_AlwaysRefresh":false,"showFog":true,"showSkybox":false,"showFlares":true,"showImageEffects":true,"showParticleSystems":true,"showVisualEffectGraphs":true,"m_FxEnabled":true},"in2DMode":false,"pivot":{"x":2.116711139678955,"y":-0.1288917064666748,"z":-0.5120182037353516},"rotation":{"x":0.12848447263240815,"y":0.050561074167490008,"z":-0.006513332482427359,"w":0.9904545545578003},"size":7.820810794830322,"orthographic":false}