{"cameraMode":{"drawMode":0,"name":"Shaded","section":"Shading Mode"},"sceneLighting":true,"audioPlay":false,"sceneViewState":{"m_AlwaysRefresh":false,"showFog":true,"showSkybox":false,"showFlares":true,"showImageEffects":true,"showParticleSystems":true,"showVisualEffectGraphs":true,"m_FxEnabled":true},"in2DMode":false,"pivot":{"x":-0.7155716419219971,"y":2.259092330932617,"z":1.1354843378067017},"rotation":{"x":0.20405720174312592,"y":0.010285940021276474,"z":-0.002103070728480816,"w":0.9789595603942871},"size":3.4992659091949465,"orthographic":false}