{"cameraMode":{"drawMode":0,"name":"Shaded","section":"Shading Mode"},"sceneLighting":false,"audioPlay":false,"sceneViewState":{"m_AlwaysRefresh":false,"showFog":true,"showSkybox":false,"showFlares":true,"showImageEffects":true,"showParticleSystems":true,"showVisualEffectGraphs":true,"m_FxEnabled":true},"in2DMode":false,"pivot":{"x":-3.3512637615203859,"y":5.3191704750061039,"z":-0.22084565460681916},"rotation":{"x":0.15593598783016206,"y":0.6930541396141052,"z":-0.1575237214565277,"w":0.6860174536705017},"size":5.440542221069336,"orthographic":false}