{"cameraMode":{"drawMode":0,"name":"Shaded","section":"Shading Mode"},"sceneLighting":false,"audioPlay":false,"sceneViewState":{"m_AlwaysRefresh":false,"showFog":true,"showSkybox":false,"showFlares":true,"showImageEffects":true,"showParticleSystems":true,"showVisualEffectGraphs":true,"m_FxEnabled":true},"in2DMode":false,"pivot":{"x":0.005314171314239502,"y":0.003245055675506592,"z":-0.0036006569862365724},"rotation":{"x":0.3362550735473633,"y":0.1321878433227539,"z":-0.047721169888973239,"w":0.9312781691551209},"size":0.6192208528518677,"orthographic":false}