{"cameraMode":{"drawMode":0,"name":"Shaded","section":"Shading Mode"},"sceneLighting":false,"audioPlay":false,"sceneViewState":{"m_AlwaysRefresh":false,"showFog":true,"showSkybox":false,"showFlares":true,"showImageEffects":true,"showParticleSystems":true,"showVisualEffectGraphs":true,"m_FxEnabled":true},"in2DMode":false,"pivot":{"x":3.9115102291107179,"y":1.8701534271240235,"z":-0.01125478744506836},"rotation":{"x":0.13459332287311555,"y":0.0044579291716217999,"z":-0.0006024463218636811,"w":0.9909217357635498},"size":7.062643051147461,"orthographic":false}