{"cameraMode":{"drawMode":0,"name":"Shaded","section":"Shading Mode"},"sceneLighting":false,"audioPlay":false,"sceneViewState":{"m_AlwaysRefresh":false,"showFog":true,"showSkybox":false,"showFlares":true,"showImageEffects":true,"showParticleSystems":true,"showVisualEffectGraphs":true,"m_FxEnabled":true},"in2DMode":false,"pivot":{"x":0.035488080233335498,"y":-0.04125925898551941,"z":0.01644035615026951},"rotation":{"x":-0.3733409345149994,"y":0.5358081459999085,"z":-0.2851138114929199,"w":-0.7016181945800781},"size":0.1565125733613968,"orthographic":false}